{
    "answers": [
        [
            1,
            2
        ],
        [
            1
        ]
    ],
    "calification": 16.666666666666668,
    "duration": 11.26451,
    "endTime": "Sun Dec 20 16:39:08 202",
    "id": 1,
    "quizz": 1,
    "startTime": "Sun Dec 20 16:38:57 202",
    "user": 28143461
}
