{
    "answers": [
        [
            1,
            2
        ],
        [
            1
        ],
        [
            1
        ],
        [
            6
        ]
    ],
    "calification": 13.333333333333334,
    "duration": 36.0610626,
    "endTime": "Mon Dec 21 18:10:29 202",
    "id": 4,
    "quizz": 3,
    "startTime": "Mon Dec 21 18:09:53 202",
    "user": 26789012
}
